"id","nombre","tipo","mensaje","padrinos"
"1SMAFFVSPD","Familia Vera Iglesias","familia","Con el corazón lleno de alegría, queremos invitarte a celebrar el día en que unimos nuestras vidas para siempre — tu presencia es muy importante para nosotros. Crecimos juntos desde la infancia, y ese camino sigue. Ahora espero que podamos ser, como familia extendida, parte de este nuevo capítulo.","final"
"18JLGBPYCD","Familia Chavarría Barrientos","familia","Con el corazón lleno de alegría, queremos invitarlos a celebrar el día en que unimos nuestras vidas para siempre — su presencia es muy importante para nosotros. Han estado a mi lado siempre, y quiero compartir con ustedes el inicio de esta nueva etapa. Los amo!","inicio"
"17PVL4VXAD","Carlos Partida","personal","Con el corazón lleno de alegría, queremos invitarte a celebrar el día en que unimos nuestras vidas para siempre — tu presencia es muy importante para nosotros. Carlos: has estado conmigo desde los primeros días, y admiro profundamente tu empeño en el trabajo y en la disciplina — representas el éxito profesional al que aspiro llegar. Ser mi padrino de bautizo y ahora nuestro padrino de velación significa mucho para nosotros.","inicio"
"0M2UD45HZD","Papá Luis","familia","Con el corazón lleno de alegría, queremos invitarte a celebrar el día en que unimos nuestras vidas para siempre — tu presencia es muy importante para nosotros. La familia Barrientos de los Santos siempre ha sido parte importante de nuestras vidas, gracias ala ejemplo que nosdiste juntop con mamá Meche, los amamos y es un orgullo contar con tu presencia en un día tan especial.","inicio"
"1M2UD45HZD","Familia Barrientos Granados","familia","Con el corazón lleno de alegría, queremos invitarlos a celebrar el día en que unimos nuestras vidas para siempre — su presencia es muy importante para nosotros. Siempre han sido parte importante de nuestras vidas, y es un orgullo contar con su presencia en un día tan especial.","inicio"
"15EET8GGGD","Familia Barrientos Zamora","familia","Con el corazón lleno de alegría, queremos invitarlos a celebrar el día en que unimos nuestras vidas para siempre — su presencia es muy importante para nosotros. Siempre han sido parte importante de nuestras vidas, y es un orgullo contar con su presencia en un día tan especial.","inicio"
"13CESLFB5D","Familia Mondragón Barrientos","familia","Con el corazón lleno de alegría, queremos invitarlos a celebrar el día en que unimos nuestras vidas para siempre — su presencia es muy importante para nosotros. Siempre han sido parte importante de nuestras vidas, y es un orgullo contar con su presencia en un día tan especial.","inicio"
"23CESLFB5D","Familia Mondragón Ramírez","familia","Con el corazón lleno de alegría, queremos invitarlos a celebrar el día en que unimos nuestras vidas para siempre — su presencia es muy importante para nosotros. Siempre han sido parte importante de nuestras vidas, y es un orgullo contar con su presencia en un día tan especial.","inicio"
"1XQX4GVBED","Familia López Barrientos","familia","Con el corazón lleno de alegría, queremos invitarlos a celebrar el día en que unimos nuestras vidas para siempre — su presencia es muy importante para nosotros. Siempre han sido parte importante de nuestras vidas, y es un orgullo contar con su presencia en un día tan especial.","inicio"
"2XQX4GVBED","Familia Chong Barrientos","familia","Con el corazón lleno de alegría, queremos invitarlos a celebrar el día en que unimos nuestras vidas para siempre — su presencia es muy importante para nosotros. Siempre han sido parte importante de nuestras vidas, y es un orgullo contar con su presencia en un día tan especial.","inicio"
"1P2YU6LDBD","Familia Barrientos Ramírez","familia","Con el corazón lleno de alegría, queremos invitarlos a celebrar el día en que unimos nuestras vidas para siempre — su presencia es muy importante para nosotros. Siempre han sido parte importante de nuestras vidas, y es un orgullo contar con su presencia en un día tan especial.","inicio"
"13XPJRTLHD","Familia de la Rosa Barrientos","familia","Con el corazón lleno de alegría, queremos invitarlos a celebrar el día en que unimos nuestras vidas para siempre — su presencia es muy importante para nosotros. Siempre han sido parte importante de nuestras vidas, y es un orgullo contar con su presencia en un día tan especial.","inicio"
"0ZSNFMQVLD","Familia Chavarría Jiménez","familia","Con el corazón lleno de alegría, queremos invitarlos a celebrar el día en que unimos nuestras vidas para siempre — su presencia es muy importante para nosotros. Hemos sido una familia unida, de esfuerzo y de muchos éxitos compartidos. Nos encantaría que nos acompañen en este día tan especial.","inicio"
"1ZSNFMQVLD","Familia Chavarría Jiménez","familia","Con el corazón lleno de alegría, queremos invitarlos a celebrar el día en que unimos nuestras vidas para siempre — su presencia es muy importante para nosotros. Hemos sido una familia unida, de esfuerzo y de muchos éxitos compartidos. Nos encantaría que nos acompañen en este día tan especial.","inicio"
"7ZSNFMQVLD","Gloria Chavarría","personal","Con el corazón lleno de alegría, queremos invitarlos a celebrar el día en que unimos nuestras vidas para siempre — su presencia es muy importante para nosotros. Hemos sido una familia unida, de esfuerzo y de muchos éxitos compartidos. Nos encantaría que nos acompañen en este día tan especial.","inicio"
"9ZSNFMQVLD","Tío Gerardo","personal","Con el corazón lleno de alegría, queremos invitarlos a celebrar el día en que unimos nuestras vidas para siempre — su presencia es muy importante para nosotros. Hemos sido una familia unida, de esfuerzo y de muchos éxitos compartidos. Nos encantaría que nos acompañen en este día tan especial.","inicio"
"1TN4C3CKSD","Bacardioses","amigos","¡Nos casamos! Queremos que estés ahí para celebrar el día en que unimos nuestras vidas para siempre — tu presencia significa muchísimo para nosotros. Bacardioses: me enseñaron que el juego no acaba en la cancha, y que siempre hay que buscar ser los mejores. ¡Ahora los quiero en la pista de baile celebrando con nosotros!","final"
"1DTS5SVBCD","Amigos de la Prepa","amigos","¡Nos casamos! Queremos que estés ahí para celebrar el día en que unimos nuestras vidas para siempre — tu presencia significa muchísimo para nosotros. Amigos de la prepa: me han acompañado desde edades muy tempranas, y aprendimos tantas cosas juntos. No puede faltar esa amistad de toda la vida en un día así.","final"
"1HP8EJHDSD","Amigos de la Carrera","amigos","¡Nos casamos! Queremos que estés ahí para celebrar el día en que unimos nuestras vidas para siempre — tu presencia significa muchísimo para nosotros. Vivimos muchísimas experiencias juntos, y hoy admiro su gran empeño profesional. Me encantaría que me acompañen a celebrar esta nueva etapa.","final"
"1FH6DFMYPD","Socios Smartsus","amigos","¡Nos casamos! Queremos que estés ahí para celebrar el día en que unimos nuestras vidas para siempre — tu presencia significa muchísimo para nosotros. Socios de Smartsus: me acompañan día a día en el sueño de crear un impacto global, y quiero que sean parte de este día tan importante para mí.","final"
"1XK2AVJJRD","Primos","amigos","¡Nos casamos! Queremos que estés ahí para celebrar el día en que unimos nuestras vidas para siempre — tu presencia significa muchísimo para nosotros. Siempre jugamos juntos desde pequeños, y ahora me encantaría que estén conmigo en esta nueva etapa. ¡Prometo que esta vez el juego es bailar toda la noche!","final"
"1GS2TSABBD","Amigos","amigos","¡Nos casamos! Queremos que estés ahí para celebrar el día en que unimos nuestras vidas para siempre — tu presencia significa muchísimo para nosotros. Gracias por acompañarme en tantos momentos — quiero que estén aquí para celebrar juntos este nuevo capítulo. ¡Nos vemos en la pista de baile!","final"
"1PUUCVALJD","Familiares y amigos","familia","Con el corazón lleno de alegría, queremos invitarte a celebrar el día en que unimos nuestras vidas para siempre — tu presencia es muy importante para nosotros. El amor se multiplica cuando se comparte, y no hay mejor manera de celebrarlo que contigo cerca de nosotros.","final"
"1UZXCFL4WD","Osmara y Ángel","pareja","¡Nos casamos! Queremos que estés ahí para celebrar el día en que unimos nuestras vidas para siempre — tu presencia significa muchísimo para nosotros. Osmara y Ángel: nos han apoyado tanto, y gran parte de que esto se esté logrando es gracias a su amistad y su apoyo. Queremos que sean parte de este día tan especial.","final"
"1DQU9UBNHD","Familia Vera","familia","Con el corazón lleno de alegría, te invitamos a celebrar nuestra boda. Compartir ese día con ustedes lo hará inolvidable.","final"
"1E825YQQWD","Familia Iglesias","familia","Con el corazón lleno de alegría, te invitamos a celebrar nuestra boda. Compartir ese día con ustedes lo hará inolvidable.","final"
"1QDWNX68WD","Familia Reyes","familia","Con el corazón lleno de alegría, queremos invitarte a celebrar el día en que unimos nuestras vidas para siempre — tu presencia es muy importante para nosotros. Crecimos juntos desde la infancia, y ese camino sigue. Ahora espero que podamos ser, como familia extendida, parte de este nuevo capítulo.","inicio"
"167DYLZN8D","Marianita y Gera","amigos","¡Nos casamos! Queremos que estés ahí para celebrar el día en que unimos nuestras vidas para siempre — tu presencia significa muchísimo para nosotros. Gracias por acompañarme en tantos momentos — quiero que estén aquí para celebrar juntos este nuevo capítulo. ¡Nos vemos en la pista de baile!","final"
"1XUUV6R5YD","Brenda y el Güero","amigos","¡Nos casamos! Queremos que estés ahí para celebrar el día en que unimos nuestras vidas para siempre — tu presencia significa muchísimo para nosotros. Gracias por acompañarme en tantos momentos — quiero que estén aquí para celebrar juntos este nuevo capítulo. ¡Nos vemos en la pista de baile!","final"
"1MHKJL93PD","Misael","amigos","¡Nos casamos! Queremos que estés ahí para celebrar el día en que unimos nuestras vidas para siempre — tu presencia significa muchísimo para nosotros. Gracias por acompañarme en tantos momentos — quiero que estén aquí para celebrar juntos este nuevo capítulo. ¡Nos vemos en la pista de baile!","final"
"1FDCKXHBAD","Dylan","amigos","¡Nos casamos! Queremos que estés ahí para celebrar el día en que unimos nuestras vidas para siempre — tu presencia significa muchísimo para nosotros. Gracias por acompañarme en tantos momentos — quiero que estén aquí para celebrar juntos este nuevo capítulo. ¡Nos vemos en la pista de baile!","final"
"1KEGQTUMGD","Jonathan","amigos","¡Nos casamos! Queremos que estés ahí para celebrar el día en que unimos nuestras vidas para siempre — tu presencia significa muchísimo para nosotros. Gracias por acompañarme en tantos momentos — quiero que estén aquí para celebrar juntos este nuevo capítulo. ¡Nos vemos en la pista de baile!","final"
"19XQGQVQKD","Carlos Galván","amigos","¡Nos casamos! Queremos que estés ahí para celebrar el día en que unimos nuestras vidas para siempre — tu presencia significa muchísimo para nosotros. Gracias por acompañarme en tantos momentos — quiero que estén aquí para celebrar juntos este nuevo capítulo. ¡Nos vemos en la pista de baile!","final"
"1T2KH58V2D","Martín y Viky Vera Arcinega","amigos","¡Nos casamos! Queremos que estés ahí para celebrar el día en que unimos nuestras vidas para siempre — tu presencia significa muchísimo para nosotros. Gracias por acompañarme en tantos momentos — quiero que estén aquí para celebrar juntos este nuevo capítulo. ¡Nos vemos en la pista de baile!","final"
"1NTFW7NYXD","Isri Vera","amigos","¡Nos casamos! Queremos que estés ahí para celebrar el día en que unimos nuestras vidas para siempre — tu presencia significa muchísimo para nosotros. Gracias por acompañarme en tantos momentos — quiero que estén aquí para celebrar juntos este nuevo capítulo. ¡Nos vemos en la pista de baile!","final"
"1G9GL38JED","Ulises y Mafer","amigos","¡Nos casamos! Queremos que estés ahí para celebrar el día en que unimos nuestras vidas para siempre — tu presencia significa muchísimo para nosotros. Bacardioses: me enseñaron que el juego no acaba en la cancha, y que siempre hay que buscar ser los mejores. ¡Ahora los quiero en la pista de baile celebrando con nosotros!","final"
"1799JNDD6D","Gerox y Tzitziki","amigos","¡Nos casamos! Queremos que estés ahí para celebrar el día en que unimos nuestras vidas para siempre — tu presencia significa muchísimo para nosotros. Bacardioses: me enseñaron que el juego no acaba en la cancha, y que siempre hay que buscar ser los mejores. ¡Ahora los quiero en la pista de baile celebrando con nosotros!","final"
"14NNGRCW6D","Eric y Alma","amigos","¡Nos casamos! Queremos que estés ahí para celebrar el día en que unimos nuestras vidas para siempre — tu presencia significa muchísimo para nosotros. Bacardioses: me enseñaron que el juego no acaba en la cancha, y que siempre hay que buscar ser los mejores. ¡Ahora los quiero en la pista de baile celebrando con nosotros!","final"
"186A9YAN7D","Marco y Astrid","amigos","¡Nos casamos! Queremos que estés ahí para celebrar el día en que unimos nuestras vidas para siempre — tu presencia significa muchísimo para nosotros. Bacardioses: me enseñaron que el juego no acaba en la cancha, y que siempre hay que buscar ser los mejores. ¡Ahora los quiero en la pista de baile celebrando con nosotros!","final"
"12HTPVW9QD","Paco y Renata","amigos","¡Nos casamos! Queremos que estés ahí para celebrar el día en que unimos nuestras vidas para siempre — tu presencia significa muchísimo para nosotros. Bacardioses: me enseñaron que el juego no acaba en la cancha, y que siempre hay que buscar ser los mejores. ¡Ahora los quiero en la pista de baile celebrando con nosotros!","final"
"1QWRDJJ3MD","Valder y Victoria","amigos","¡Nos casamos! Queremos que estés ahí para celebrar el día en que unimos nuestras vidas para siempre — tu presencia significa muchísimo para nosotros. Bacardioses: me enseñaron que el juego no acaba en la cancha, y que siempre hay que buscar ser los mejores. ¡Ahora los quiero en la pista de baile celebrando con nosotros!","final"
"1CANDENMPD","Him y (pendiente)","amigos","¡Nos casamos! Queremos que estés ahí para celebrar el día en que unimos nuestras vidas para siempre — tu presencia significa muchísimo para nosotros. Bacardioses: me enseñaron que el juego no acaba en la cancha, y que siempre hay que buscar ser los mejores. ¡Ahora los quiero en la pista de baile celebrando con nosotros!","final"
"1JGMBL47MD","Pozos","amigos","¡Nos casamos! Queremos que estés ahí para celebrar el día en que unimos nuestras vidas para siempre — tu presencia significa muchísimo para nosotros. Bacardioses: me enseñaron que el juego no acaba en la cancha, y que siempre hay que buscar ser los mejores. ¡Ahora los quiero en la pista de baile celebrando con nosotros!","final"
"1SFPS6U9HD","Don Mau","amigos","¡Nos casamos! Queremos que estés ahí para celebrar el día en que unimos nuestras vidas para siempre — tu presencia significa muchísimo para nosotros. Amigos de la prepa: me han acompañado desde edades muy tempranas, y aprendimos tantas cosas juntos. No puede faltar esa amistad de toda la vida en un día así.","final"
"126WSBHL6D","Garzuz","amigos","¡Nos casamos! Queremos que estés ahí para celebrar el día en que unimos nuestras vidas para siempre — tu presencia significa muchísimo para nosotros. Amigos de la prepa: me han acompañado desde edades muy tempranas, y aprendimos tantas cosas juntos. No puede faltar esa amistad de toda la vida en un día así.","final"
"13D25R4ADD","Inti","amigos","¡Nos casamos! Queremos que estés ahí para celebrar el día en que unimos nuestras vidas para siempre — tu presencia significa muchísimo para nosotros. Vivimos muchísimas experiencias juntos, y hoy admiro su gran empeño profesional. Me encantaría que me acompañen a celebrar esta nueva etapa.","final"
"15NBED9T7D","Alberto Mota","amigos","¡Nos casamos! Queremos que estés ahí para celebrar el día en que unimos nuestras vidas para siempre — tu presencia significa muchísimo para nosotros. Vivimos muchísimas experiencias juntos, y hoy admiro su gran empeño profesional. Me encantaría que me acompañen a celebrar esta nueva etapa.","final"
"1FWKCLBY2D","Omar Kanán","amigos","¡Nos casamos! Queremos que estés ahí para celebrar el día en que unimos nuestras vidas para siempre — tu presencia significa muchísimo para nosotros. Vivimos muchísimas experiencias juntos, y hoy admiro su gran empeño profesional. Me encantaría que me acompañen a celebrar esta nueva etapa.","final"
"1F4H6U2VMD","Héctor Mauricio","amigos","¡Nos casamos! Queremos que estés ahí para celebrar el día en que unimos nuestras vidas para siempre — tu presencia significa muchísimo para nosotros. Vivimos muchísimas experiencias juntos, y hoy admiro su gran empeño profesional. Me encantaría que me acompañen a celebrar esta nueva etapa.","final"
"16QB63Q84D","Rafa Carreto","amigos","¡Nos casamos! Queremos que estés ahí para celebrar el día en que unimos nuestras vidas para siempre — tu presencia significa muchísimo para nosotros. Vivimos muchísimas experiencias juntos, y hoy admiro su gran empeño profesional. Me encantaría que me acompañen a celebrar esta nueva etapa.","final"
"1FRDSMHN2D","Enrique Huitrón","amigos","¡Nos casamos! Queremos que estés ahí para celebrar el día en que unimos nuestras vidas para siempre — tu presencia significa muchísimo para nosotros. Vivimos muchísimas experiencias juntos, y hoy admiro su gran empeño profesional. Me encantaría que me acompañen a celebrar esta nueva etapa.","final"
"14SUHUUZND","Sejo y Melissa","amigos","¡Nos casamos! Queremos que estés ahí para celebrar el día en que unimos nuestras vidas para siempre — tu presencia significa muchísimo para nosotros. Vivimos muchísimas experiencias juntos, y hoy admiro su gran empeño profesional. Me encantaría que me acompañen a celebrar esta nueva etapa.","final"
"1Y26YJCQWD","Agustín","amigos","¡Nos casamos! Queremos que estés ahí para celebrar el día en que unimos nuestras vidas para siempre — tu presencia significa muchísimo para nosotros. Vivimos muchísimas experiencias juntos, y hoy admiro su gran empeño profesional. Me encantaría que me acompañen a celebrar esta nueva etapa.","final"
"1BAE2UKW6D","Gustavo Ramírez","amigos","¡Nos casamos! Queremos que estés ahí para celebrar el día en que unimos nuestras vidas para siempre — tu presencia significa muchísimo para nosotros. Vivimos muchísimas experiencias juntos, y hoy admiro su gran empeño profesional. Me encantaría que me acompañen a celebrar esta nueva etapa.","final"
"1WHUNTUD8D","David e Itzel","amigos","¡Nos casamos! Queremos que estés ahí para celebrar el día en que unimos nuestras vidas para siempre — tu presencia significa muchísimo para nosotros. Socios de Smartsus: me acompañan día a día en el sueño de crear un impacto global, y quiero que sean parte de este día tan importante para mí.","final"
"1PKWHTDLYD","Gerardo y (pendiente)","amigos","¡Nos casamos! Queremos que estés ahí para celebrar el día en que unimos nuestras vidas para siempre — tu presencia significa muchísimo para nosotros. Socios de Smartsus: me acompañan día a día en el sueño de crear un impacto global, y quiero que sean parte de este día tan importante para mí.","final"
"16D255D37D","Javier Agustín","amigos","¡Nos casamos! Queremos que estés ahí para celebrar el día en que unimos nuestras vidas para siempre — tu presencia significa muchísimo para nosotros. Socios de Smartsus: me acompañan día a día en el sueño de crear un impacto global, y quiero que sean parte de este día tan importante para mí.","final"
"1LSMSXKBZD","Antonio Osorio","amigos","¡Nos casamos! Queremos que estés ahí para celebrar el día en que unimos nuestras vidas para siempre — tu presencia significa muchísimo para nosotros. Socios de Smartsus: me acompañan día a día en el sueño de crear un impacto global, y quiero que sean parte de este día tan importante para mí.","final"
"1DJ3RMKFDD","Jhonattan y (pendiente)","amigos","¡Nos casamos! Queremos que estés ahí para celebrar el día en que unimos nuestras vidas para siempre — tu presencia significa muchísimo para nosotros. Socios de Smartsus: me acompañan día a día en el sueño de crear un impacto global, y quiero que sean parte de este día tan importante para mí.","final"
"1FMP3VZXZD","Ana Sánchez","amigos","¡Nos casamos! Queremos que estés ahí para celebrar el día en que unimos nuestras vidas para siempre — tu presencia significa muchísimo para nosotros. Ana: eres una socia increíble en Smartsus, y además compartimos el gusto por el baile — nada mejor que celebrar contigo en la pista, como en nuestras clases de salsa.","final"
"1SPPQ86XQD","Amiga Irel","amigos","¡Nos casamos! Queremos que estés ahí para celebrar el día en que unimos nuestras vidas para siempre — tu presencia significa muchísimo para nosotros. Gracias por acompañarme en tantos momentos — quiero que estén aquí para celebrar juntos este nuevo capítulo. ¡Nos vemos en la pista de baile!","final"
"1GW9LHFGLD","Amiga Mariela","amigos","¡Nos casamos! Queremos que estés ahí para celebrar el día en que unimos nuestras vidas para siempre — tu presencia significa muchísimo para nosotros. Gracias por acompañarme en tantos momentos — quiero que estén aquí para celebrar juntos este nuevo capítulo. ¡Nos vemos en la pista de baile!","final"
